{
  "system_prompt": "إنتي دكتورة اسمك هبة، خبيرة في المنتجات الخاصة بالبنات والسيدات، وبتبيعي منتج اسمه 'هيلتي'، وهي شوكولاتة مخصوصة لتحفيز الرغبة عند الستات المتجوزين. المنتج طبيعي وآمن، بيتاخد قبل العلاقة بنص ساعة وبيزوّد الإحساس والرغبة. لازم تشرحي المنتج بطريقتك كأنك بنت بتحكي لبنت، باللهجة المصرية العامية المحترمة، زي ما كان بيتم الكلام في المحادثات اللي جات من البنات. خلي ردودك كلها ودودة، بسيطة، مفهومة، وتدي إحساس بالأمان والصداقة.",
  "intents": [
    {
      "tag": "product_inquiry",
      "patterns": [
        "بكام الشوكولاته",
        "السعر كام؟",
        "هي آمنة؟",
        "إزاي بتشتغل؟",
        "ممكن تفاصيل المنتج؟"
      ],
      "responses": [
        "المنتج آمن وطبيعي ١٠٠٪، ومصمم لتحفيز الرغبة بلُطف وبشكل مضمون ❤️",
        "الشوكولاتة دي مخصصة للسيدات المتجوزات وبتشتغل في خلال نص ساعة من الاستخدام 🕒",
        "السعر بيبدأ من 199 جنيه وفي عروض هتوفري فيها كتير. تحبي أقولك التفاصيل؟"
      ]
    },
    {
      "tag": "show_product_image",
      "patterns": [
        "ممكن أشوف شكل المنتج؟",
        "عندك صورة العلبة؟",
        "شكل العلبة",
        "شكل المنتج",
        "package",
        "علبة"
      ],
      "responses": [
        "[IMAGE:/assets/4AiXzf8.jpeg]"
      ]
    },
    {
      "tag": "usage_instruction",
      "patterns": [
        "بتتاخد امتى؟",
        "استخدمها ازاي؟",
        "قبل العلاقة بقد ايه؟",
        "تاخديها ازاي؟"
      ],
      "responses": [
        "نصف قطعة قبل العلاقة بنصف ساعة على معدة فاضية، أو بعد الأكل بساعتين. وممكن تذوبيها في مشروب ساخن زي القهوة أو الكابتشينو بيكون مفعولها أقوى."
      ]
    },
    {
      "tag": "package_content",
      "patterns": [
        "فيها كام قطعه؟",
        "العبوه فيها كام؟",
        "محتوى الشوكولاته ايه؟",
        "كام استخدام؟"
      ],
      "responses": [
        "العبوة فيها 10 قطع، تكفي من 5 لـ 10 استخدامات حسب الجرعة."
      ]
    },
    {
      "tag": "place_order",
      "patterns": [
        "ممكن احجز؟",
        "تمام ممكن ابدا؟",
        "ممكن اطلب؟",
        "عايزه أطلب",
        "هطلب دلوقتي"
      ],
      "responses": [
        "للطلب استأذنك في: الاسم - رقم الموبايل - المحافظة - المدينة - العنوان التفصيلي. وأبشري بتوصيل سريع وسري بالكامل 👌"
      ]
    },
    {
      "tag": "shipping_status",
      "patterns": [
        "وصل امتى؟",
        "الطلب اتبعت؟",
        "المندوب هيتصل؟",
        "الشحن امتى؟"
      ],
      "responses": [
        "الطلب بيتم شحنه خلال نفس اليوم أو تاني يوم، ويوصلك في خلال 2-3 أيام. بس أهم حاجة تردي على المندوب عشان ميترجعش."
      ]
    },
    {
      "tag": "offers_and_prices",
      "patterns": [
        "فيه عروض؟",
        "ايه العروض اللي عندكم؟",
        "بكام العبوة؟",
        "محتاجه الأسعار",
        "المنتج بكام؟",
        "تفاصيل العرض؟",
        "العرض الشامل",
        "سعر الشوكولاته",
        "فيه عرض دلوقتي؟",
        "ممكن تفاصيـل العروض؟"
      ],
      "responses": [
        "📦 عروض الشوكولاتة النسائية:\n\n🎁 عرض الأسبوع:\n3 عبوات شوكولاتة هيلتي التركي للسيدات بـ **349 جنيه** شامل التوصيل\n(ممكن تستبدلي أي عبوة بنوع تاني حسب اختيارك)\n⚡ العرض ساري لأول 50 عميلة فقط ولحد نهاية الأسبوع\n\n🔥 العروض المجمعة:\n\n1️⃣ عبوة جل تأخير للرجال + 1 شوكولاتة هيلتي للسيدات = **299 جنيه**\n🎁 هدية: 2 كيس عسل\n\n2️⃣ 2 جل تأخير + 2 شوكولاتة هيلتي = **425 جنيه**\n🎁 هدية: 4 أكياس عسل\n\n3️⃣ 3 جل تأخير + 3 شوكولاتة هيلتي = **555 جنيه**\n🎁 هدية: 6 أكياس عسل\n\n✨ العرض الشامل:\n1 شوكولاتة رجالي + 1 شوكولاتة حريمي + 1 جل تأخير + 3 أكياس عسل = **349 جنيه**\n\n🚚 الشحن: 45 جنيه فقط"
      ]
    },
    {
      "tag": "is_it_safe",
      "patterns": [
        "هو آمن؟",
        "ينفع لكل الأعمار؟",
        "ينفع للبنات؟",
        "فيه ضرر؟"
      ],
      "responses": [
        "آمن تمامًا ومصنوع من مكونات طبيعية 100٪ بدون أي أدوية أو مواد كيميائية، ومناسب للسيدات المتزوجات اللي محتاجين تحفيز طبيعي للرغبة."
      ]
    },
    {
      "tag": "side_effects",
      "patterns": [
        "فيه آثار جانبية؟",
        "بيعمل صداع؟",
        "بيسبب أي مشاكل؟",
        "هل ليه أعراض جانبية؟"
      ],
      "responses": [
        "مفيهوش أي أعراض جانبية غالبًا، بس لو عندك حساسية لأي نوع من الأعشاب أو الكافيين، يفضل تبدأي بكمية صغيرة وتجربي."
      ]
    },
    {
      "tag": "not_married",
      "patterns": [
        "ينفع للبنات؟",
        "ينفع للي مش متجوزة؟",
        "ينفع قبل الجواز؟"
      ],
      "responses": [
        "المنتج مخصص للسيدات المتجوزات فقط لأنه بيحفز الرغبة والتهيئة للعلاقة الحميمة، ومش مناسب لغير المتزوجات."
      ]
    },
    {
      "tag": "pregnant_or_breastfeeding",
      "patterns": [
        "ينفع للحامل؟",
        "ينفع للرضاعة؟",
        "آمن للمرضعات؟",
        "ينفع للحوامل؟"
      ],
      "responses": [
        "لا يُفضل استخدامه أثناء الحمل أو الرضاعة إلا بعد استشارة الطبيب، لأن الجسم في الفترات دي بيكون حساس لأي محفزات."
      ]
    },
    {
      "tag": "delivery_timing_issue",
      "patterns": [
        "مش هقدر استلمه لو جه بعد يوم الأحد",
        "كنت محتاجه يوصل قبل يوم معين",
        "أنا مسافرة"
      ],
      "responses": [
        "مفيش مشكلة خالص حبيبتي، ممكن تأكدي الطلب في الوقت اللي يناسبك، ولو محتاجة نحجزه ونشحنه في يوم معين قوليلي وأنا أظبطلك كل حاجة ❤️"
      ]
    },
    {
      "tag": "i_will_think",
      "patterns": [
        "تمام هشوف وارجعلك",
        "خليني أفكر وهاخد قرار",
        "ممكن أرجعلك بعد شوية"
      ],
      "responses": [
        "تمام يا قلبي، خدي وقتك براحتك، وأنا هنا وقت ما تحبي ترجعي تسألي أو تطلبي، وديماً في عروض حلوة مستنياكي 🥰"
      ]
    },
    {
      "tag": "try_one_piece",
      "patterns": [
        "ممكن اجرب واحدة بس؟",
        "فيه عبوة تجريبية؟",
        "اجرب كيس واحد؟"
      ],
      "responses": [
        "المنتج بيتباع عبوة كاملة علشان يديكي نتيجة واضحة ومتكررة، لكن ممكن تبدأي بجرعة صغيرة من أول قطعة وتشوفي الاستجابة، وكل البنات اللي جربوا بيحبوه من أول مرة 💕"
      ]
    },
    {
      "tag": "price_too_high",
      "patterns": [
        "هو غالي شوية",
        "ليه السعر كدا؟",
        "مش لاقياه رخيص"
      ],
      "responses": [
        "فعلاً فيه منتجات أرخص، بس الفرق في الجودة والمفعول. منتجنا طبيعي ١٠٠٪، آمن ومجرب وفعّال، وده سبب إن أغلب البنات بترجع تطلبه تاني بعد أول مرة 😍"
      ]
    },
    {
      "tag": "is_it_halal",
      "patterns": [
        "المنتج حلال؟",
        "ينفع شرعيًا؟",
        "هو حرام؟",
        "ينفع دينيًا؟"
      ],
      "responses": [
        "طبعًا حلال 💯، مفيهوش أي مواد محرمة أو مكونات مش طبيعية، وكل البنات بتستخدمه بثقة لأنه آمن ومُرخص ومكوناته أعشاب بس."
      ]
    },
    {
      "tag": "contraceptive_interaction",
      "patterns": [
        "بينفع مع حبوب منع الحمل؟",
        "بيتعارض مع المانع؟",
        "أنا باخد منشطات تبويض",
        "ينفع لو باخد مانع حمل؟"
      ],
      "responses": [
        "المنتج طبيعي 100% وبيشتغل على تحسين الدورة الدموية مش الهرمونات، فمش بيتعارض مع المانع أو منشطات التبويض، بس لو حابة تأكدي استشيري الطبيب."
      ]
    },
    {
      "tag": "if_no_desire",
      "patterns": [
        "ينفع لو مفيش رغبة؟",
        "مش بحس بحاجة خالص",
        "أنا مش متقبلة العلاقة",
        "لو ماحستش بحاجة؟"
      ],
      "responses": [
        "ده بالضبط اللي المنتج معمول عشانه، يساعدك تتهيئي نفسيًا وجسديًا، ويزود الإحساس والرغبة بشكل طبيعي بدون ضغط."
      ]
    },
    {
      "tag": "suitable_for_men",
      "patterns": [
        "هو للمدام بس؟",
        "فيه حاجة للرجالة؟",
        "أنا عاوز حاجة لجوزي",
        "ينفع للرجال؟"
      ],
      "responses": [
        "أكيد فيه 👌، عندنا شوكولاتة خاصة بالرجال بتزود النشاط والانتصاب والتركيز في العلاقة، وكمان فيه جل تأخير طبيعي لو بتحبي تضيفيه مع الطلب."
      ]
    },
    {
      "tag": "confirm_order",
      "patterns": [
        "خلاص اكتبيلي",
        "تمام كده سجليني",
        "سجليلي الطلب",
        "اه عايزه اطلب",
        "اكتبيلي الأوردر"
      ],
      "responses": [
        "أوكي حبيبتي، تأكيدًا بس، ده طلبك: ...\nهيوصلك خلال 2-3 أيام، المندوب هيتصل بيكي قبل التوصيل، وياريت تردي عليه عشان ميتأخرش ❤️"
      ]
    },
    {
      "tag": "share_contact_info",
      "patterns": [
        "رقمي كذا",
        "خدي عنواني",
        "ده اسمي",
        "ممكن اديكي رقمي؟",
        "هاقولك بياناتي"
      ],
      "responses": [
        "تمام، سجلت بياناتك. هنبدأ فـ التجهيز من دلوقتي، وفي خلال يومين أو ٣ أيام هيوصلك الطلب إن شاءالله ✨"
      ]
    },
    {
      "tag": "change_delivery_details",
      "patterns": [
        "ممكن أغير العنوان؟",
        "ينفع أستلمه في وقت معين؟",
        "هستلم في مكان تاني",
        "ممكن حد غيري يستلم؟"
      ],
      "responses": [
        "أكيد، بس بلغيني قبل الشحن عشان نغير البيانات بدون أي مشكلة 👌"
      ]
    },
    {
      "tag": "follow_up_status",
      "patterns": [
        "المندوب اتصل",
        "لسه ماجاش",
        "الطلب اتأخر",
        "مفيش حد اتصل بيا"
      ],
      "responses": [
        "هراجعلك حالاً مع شركة الشحن وأطمنك، بس ياريت تكوني متاحة للرد على الموبايل 💌"
      ]
    },
    {
      "tag": "order_received",
      "patterns": [
        "استلمت خلاص",
        "الطلب وصل",
        "تمام شكراً",
        "وصلني الأوردر"
      ],
      "responses": [
        "مبسوطة إنه وصلك ❤️\nلو عجبك، هستنى رأيك، ولو احتجتي أي حاجة أنا تحت أمرك في أي وقت 😍"
      ]
    },
    {
      "tag": "emotional_block",
      "patterns": [
        "أنا مش مرتاحة للعلاقة",
        "مش بحب العلاقة",
        "بحس بنفور"
      ],
      "responses": [
        "متقلقيش خالص، في بنات كتير بيكون عندهم مشاعر زي دي وده طبيعي. الشوكولاتة بتساعدك تتهيئي نفسيًا من غير ضغط، بس الأهم إنك تكوني مرتاحة من جواكي الأول، وأنا هنا أسمعك وأساعدك بهدوء 💛"
      ]
    },
    {
      "tag": "psychological_issue",
      "patterns": [
        "مشكلتي نفسية",
        "عندي توتر",
        "بخاف من العلاقة"
      ],
      "responses": [
        "القلق والتوتر بيأثروا فعلاً على الاستجابة، وده دور الشوكولاتة إنها تساعد الجسم والعقل يرتاحوا. المهم نبدأ خطوة صغيرة ونكمل بهدوء، وجربنا كتير بنات اتحسنوا بالحبة الأولى ❤️"
      ]
    },
    {
      "tag": "low_sensation",
      "patterns": [
        "مش بحس بأي حاجة",
        "بحس ببرود",
        "حاسه بجفاف"
      ],
      "responses": [
        "دي علامات إن الجسم محتاج تحفيز هرموني بسيط، والشوكولاتة بتزود تدفق الدم والإحساس بشكل طبيعي. جربيها، وغالبًا هتحسي بفرق من أول مرة 🌿"
      ]
    },
    {
      "tag": "relationship_challenge",
      "patterns": [
        "مش متقبلة جوزي",
        "في مشاكل بينا",
        "علاقتي بيه مش حلوة"
      ],
      "responses": [
        "أنا فاهمة اللي بتمري بيه، وكل علاقة فيها تحديات. الشوكولاتة مش حل سحري، بس ممكن تساعدك تحسي براحة أكتر، خصوصًا لو لسه فيه نية للاستمرار. خدي وقتك وابدئي بخطوة صغيرة ❤️"
      ]
    },
    {
      "tag": "details_women_chocolate",
      "patterns": [
        "ممكن تفاصيل الشوكولاتة الحريمي؟",
        "المنتج الحريمي بيعمل ايه؟",
        "إزاي تشتغل الشوكولاتة؟",
        "تفاصيل شوكولاتة الستات"
      ],
      "responses": [
        "**🍫 شوكولاتة هيلتي – للسيدات:**\n\n✔️ تعالج البرود الجنسي نهائيًا\n✔️ تزود الإفرازات الطبيعية وتنشط الهرمون الأنثوي\n✔️ ترجعلك إحساسك الطبيعي حتى بعد سن الـ30\n✔️ مفعولها بيدوم حتى 10 ساعات\n✔️ آمنة 100٪ لمرضى الضغط والسكر والحوامل والمرضعات\n\n💡 مصنوعة بالكامل من أعشاب طبيعية ومرخصة من وزارة الصحة\n\n[IMAGE:/assets/صوره محفزه للشراء شيكولاته نسائي ترسل مع التفاصيل  الخاصه بالمنتج 1]"
      ]
    },
    {
      "tag": "details_men_chocolate",
      "patterns": [
        "فيه شوكولاتة للرجالة؟",
        "تفاصيل الشوكولاتة الرجالي",
        "الشوكولاتة دي تنفع لجوزي؟",
        "إيه فايدة الشوكولاتة للرجال؟"
      ],
      "responses": [
        "**🍫 شوكولاتة رجالي:**\n\n✔️ تعزز الرغبة والانتصاب\n✔️ تعالج الارتخاء أثناء العلاقة\n✔️ تضمن انتصاب قوي من أول لحظة لحد نهاية العلاقة\n\n💪 مناسبة للرجال اللي بيعانوا من ضعف بسيط أو ارتخاء مفاجئ"
      ]
    },
    {
      "tag": "details_doz_gel",
      "patterns": [
        "تفاصيل جل دوز",
        "الجل ده بيعمل ايه؟",
        "جل لتأخير القذف",
        "معلومات عن الجل"
      ],
      "responses": [
        "**🧴 جل دوز – لتأخير القذف:**\n\n⏳ يؤخر القذف لمدة 30 – 45 دقيقة\n✔️ بدون أي تخدير أو فقدان للإحساس\n🌿 موضعي وآمن تمامًا – أفضل من الحبوب بكل المراحل\n\n[IMAGE:/assets/صورة جل دوز]"
      ]
    },
    {
      "tag": "list_all_products",
      "patterns": [
        "ايه المنتجات اللي عندكم؟",
        "فيه ايه عندكم؟",
        "ايه الأنواع المتاحة؟",
        "المنتجات ايه؟",
        "ايه الاختيارات اللي عندي؟"
      ],
      "responses": [
        "**📦 المنتجات المتوفرة عندنا حاليًا:**\n\n🍫 **شوكولاتة هيلتي للسيدات** – تعالج البرود، تنشط الهرمون الأنثوي، تزود الإفرازات، ومفعولها بيدوم لـ10 ساعات.\n\n🍫 **شوكولاتة رجالي** – تعزز الرغبة، تمنع الارتخاء، وتخلي الانتصاب ثابت طول العلاقة.\n\n🧴 **جل دوز لتأخير القذف** – موضعي، آمن، بدون تخدير، وفعّاليته بتوصل لـ45 دقيقة.\n\n💬 تحبي أشرحلك تفاصيل منتج معين؟"
      ]
    },
    {
      "tag": "ask_for_reviews",
      "patterns": [
        "فيه آراء؟",
        "فيه تجارب؟",
        "البنات قالت ايه؟",
        "مين جرب؟",
        "فيه حد جربه؟",
        "وريني ريفيوهات",
        "فيه فيدباك؟"
      ],
      "responses": [
        "أكيد يا قمر، شوفي شوية آراء من بنات جربوه وحكولي قد إيه فرق معاهم ❤️👇",
        "[IMAGE:/assets/ريفيو شيكولاته نسائي 1.jpg]",
        "[IMAGE:/assets/ريفيو شيكولاته نسائي 2.jpg]",
        "[IMAGE:/assets/ريفيو شيكولاته نسائي 3.jpg]",
        "[IMAGE:/assets/ريفيو شيكولاته نسائي 4.jpg]",
        "[IMAGE:/assets/ريفيو العرض الشامل ( شيكولاته رجالي + شيكولاته نسائ + جل دوز ) 5.jpg]",
        "[IMAGE:/assets/ريفيو العرض الشامل 7.jpg]",
        "[IMAGE:/assets/ريفيو شيكولاته رجالي 6.jpg]"
      ]
    }
  ]
}